#SampleID,BarcodeSequence,LibraryNumber,Direction,LibraryName,Facet,MC_type1,MC_type2,ProjectName,Region,Mock_type,Mock_replicate,BarcodeNumber,Description,MockTypeGroup
Mc.1.1.l02,CTGCTGAA,2,p,"NG-6514_barcode__A09385_lib19055_1407_Read1_tagsorting.zip,NG-6514_barcode__A09385_lib19055_1407_Read2_tagsorting.zip",Mc_1,Mc_1,Mc_1,Mock_communities,V4,Mc_1,Mc_1_1,33,Mc_1_1_l02,Mc_1
Mc.1.2.l02,GCCTTAAG,2,p,"NG-6514_barcode__A09385_lib19055_1407_Read1_tagsorting.zip,NG-6514_barcode__A09385_lib19055_1407_Read2_tagsorting.zip",Mc_1,Mc_1,Mc_1,Mock_communities,V4,Mc_1,Mc_1_2,45,Mc_1_2_l02,Mc_1
Mc.1.3.l02,CTTGGCCT,2,p,"NG-6514_barcode__A09385_lib19055_1407_Read1_tagsorting.zip,NG-6514_barcode__A09385_lib19055_1407_Read2_tagsorting.zip",Mc_1,Mc_1,Mc_1,Mock_communities,V4,Mc_1,Mc_1_3,35,Mc_1_3_l02,Mc_1
Mc.2.1.l02,GAACCGTT,2,p,"NG-6514_barcode__A09385_lib19055_1407_Read1_tagsorting.zip,NG-6514_barcode__A09385_lib19055_1407_Read2_tagsorting.zip",Mc_2,Mc_2,Mc_2,Mock_communities,V4,Mc_2,Mc_2_1,36,Mc_2_1_l02,Mc_2
Mc.2.2.l02,GAACGTAT,2,p,"NG-6514_barcode__A09385_lib19055_1407_Read1_tagsorting.zip,NG-6514_barcode__A09385_lib19055_1407_Read2_tagsorting.zip",Mc_2,Mc_2,Mc_2,Mock_communities,V4,Mc_2,Mc_2_2,37,Mc_2_2_l02,Mc_2
Mc.2.3.l02,GAACTAAG,2,p,"NG-6514_barcode__A09385_lib19055_1407_Read1_tagsorting.zip,NG-6514_barcode__A09385_lib19055_1407_Read2_tagsorting.zip",Mc_2,Mc_2,Mc_2,Mock_communities,V4,Mc_2,Mc_2_3,38,Mc_2_3_l02,Mc_2
Mc.3.1.l02,GAAGCTCG,2,p,"NG-6514_barcode__A09385_lib19055_1407_Read1_tagsorting.zip,NG-6514_barcode__A09385_lib19055_1407_Read2_tagsorting.zip",Mc_3,Mc_3,Mc_3,Mock_communities,V4,Mc_3,Mc_3_1,39,Mc_3_1_l02,Mc_3
Mc.3.2.l02,GAGTTATA,2,p,"NG-6514_barcode__A09385_lib19055_1407_Read1_tagsorting.zip,NG-6514_barcode__A09385_lib19055_1407_Read2_tagsorting.zip",Mc_3,Mc_3,Mc_3,Mock_communities,V4,Mc_3,Mc_3_2,40,Mc_3_2_l02,Mc_3
Mc.3.3.l02,GATGAATG,2,p,"NG-6514_barcode__A09385_lib19055_1407_Read1_tagsorting.zip,NG-6514_barcode__A09385_lib19055_1407_Read2_tagsorting.zip",Mc_3,Mc_3,Mc_3,Mock_communities,V4,Mc_3,Mc_3_3,41,Mc_3_3_l02,Mc_3
Mc.4.1.l02,GATGATAA,2,p,"NG-6514_barcode__A09385_lib19055_1407_Read1_tagsorting.zip,NG-6514_barcode__A09385_lib19055_1407_Read2_tagsorting.zip",Mc_4,Mc_4,Mc_4,Mock_communities,V4,Mc_4,Mc_4_1,42,Mc_4_1_l02,Mc_4
Mc.4.2.l02,GATGCGCT,2,p,"NG-6514_barcode__A09385_lib19055_1407_Read1_tagsorting.zip,NG-6514_barcode__A09385_lib19055_1407_Read2_tagsorting.zip",Mc_4,Mc_4,Mc_4,Mock_communities,V4,Mc_4,Mc_4_2,43,Mc_4_2_l02,Mc_4
Mc.4.3.l02,GCCAGGTT,2,p,"NG-6514_barcode__A09385_lib19055_1407_Read1_tagsorting.zip,NG-6514_barcode__A09385_lib19055_1407_Read2_tagsorting.zip",Mc_4,Mc_4,Mc_4,Mock_communities,V4,Mc_4,Mc_4_3,44,Mc_4_3_l02,Mc_4
Mc.2.2.dup.l02,CTTGCGAG,2,p,"NG-6514_barcode__A09385_lib19055_1407_Read1_tagsorting.zip,NG-6514_barcode__A09385_lib19055_1407_Read2_tagsorting.zip",Mc_2,Mc_2,Mc_2,Mock_communities,V4,Mc_2,Mc_2_2,34,Mc_2_2_dup_l02,Mc_2
Mc.2.2.30cy.l02,GCTAATCT,2,p,"NG-6514_barcode__A09385_lib19055_1407_Read1_tagsorting.zip,NG-6514_barcode__A09385_lib19055_1407_Read2_tagsorting.zip",Mc_2,Mc_2,Mc_2,Mock_communities,V4,Mc_2,Mc_2_2,46,Mc_2_2_30cy_l02,Mc_2
Mc.2.2.35cy.l02,GGAGCGCA,2,p,"NG-6514_barcode__A09385_lib19055_1407_Read1_tagsorting.zip,NG-6514_barcode__A09385_lib19055_1407_Read2_tagsorting.zip",Mc_2,Mc_2,Mc_2,Mock_communities,V4,Mc_2,Mc_2_2,47,Mc_2_2_35cy_l02,Mc_2
Mc.2.2.100v.l02,GGAGTATG,2,p,"NG-6514_barcode__A09385_lib19055_1407_Read1_tagsorting.zip,NG-6514_barcode__A09385_lib19055_1407_Read2_tagsorting.zip",Mc_2,Mc_2,Mc_2,Mock_communities,V4,Mc_2,Mc_2_2,48,Mc_2_2_100v_l02,Mc_2
Mc.2.2.100v.dup.l02,GGTACCAA,2,p,"NG-6514_barcode__A09385_lib19055_1407_Read1_tagsorting.zip,NG-6514_barcode__A09385_lib19055_1407_Read2_tagsorting.zip",Mc_2,Mc_2,Mc_2,Mock_communities,V4,Mc_2,Mc_2_2,49,Mc_2_2_100v_dup_l02,Mc_2
Mc.2.1.l03,TTAGGATG,3,p,"NG-6531_Til_Lib_1_lib26315_1663_4_1.fastq.bz2,NG-6531_Til_Lib_1_lib26315_1663_4_2.fastq.bz2",Mc_2,Mc_2,Mc_2,Mock_communities,V4,Mc_2,Mc_2_1,36,Mc_2_1_l03,Mc_2
Mc.2.2.l03,TTGACTAG,3,p,"NG-6531_Til_Lib_1_lib26315_1663_4_1.fastq.bz2,NG-6531_Til_Lib_1_lib26315_1663_4_2.fastq.bz2",Mc_2,Mc_2,Mc_2,Mock_communities,V4,Mc_2,Mc_2_2,37,Mc_2_2_l03,Mc_2
Mc.4.1.l03,TTGATCCA,3,p,"NG-6531_Til_Lib_1_lib26315_1663_4_1.fastq.bz2,NG-6531_Til_Lib_1_lib26315_1663_4_2.fastq.bz2",Mc_4,Mc_4,Mc_4,Mock_communities,V4,Mc_4,Mc_4_1,42,Mc_4_1_l03,Mc_4
Mc.4.2.l03,TTGCATAT,3,p,"NG-6531_Til_Lib_1_lib26315_1663_4_1.fastq.bz2,NG-6531_Til_Lib_1_lib26315_1663_4_2.fastq.bz2",Mc_4,Mc_4,Mc_4,Mock_communities,V4,Mc_4,Mc_4_2,43,Mc_4_2_l03,Mc_4
Mc.2.1.l04,GATGAATG,4,p,"NG-6531_Til_Lib_2_lib26316_1663_4_1.fastq.bz2,NG-6531_Til_Lib_2_lib26316_1663_4_2.fastq.bz2",Mc_2,Mc_2,Mc_2,Mock_communities,V4,Mc_2,Mc_2_1,36,Mc_2_1_l04,Mc_2
Mc.2.2.l04,TTGACTAG,4,p,"NG-6531_Til_Lib_2_lib26316_1663_4_1.fastq.bz2,NG-6531_Til_Lib_2_lib26316_1663_4_2.fastq.bz2",Mc_2,Mc_2,Mc_2,Mock_communities,V4,Mc_2,Mc_2_2,37,Mc_2_2_l04,Mc_2
Mc.4.1.l04,TTGATCCA,4,p,"NG-6531_Til_Lib_2_lib26316_1663_4_1.fastq.bz2,NG-6531_Til_Lib_2_lib26316_1663_4_2.fastq.bz2",Mc_4,Mc_4,Mc_4,Mock_communities,V4,Mc_4,Mc_4_1,42,Mc_4_1_l04,Mc_4
Mc.4.2.l04,TTGCATAT,4,p,"NG-6531_Til_Lib_2_lib26316_1663_4_1.fastq.bz2,NG-6531_Til_Lib_2_lib26316_1663_4_2.fastq.bz2",Mc_4,Mc_4,Mc_4,Mock_communities,V4,Mc_4,Mc_4_2,43,Mc_4_2_l04,Mc_4
Mc.2.1.l05,GATGAATG,5,p,"NG-6531_Til_Lib_3_lib26317_1663_4_1.fastq.bz2,NG-6531_Til_Lib_3_lib26317_1663_4_2.fastq.bz2",Mc_2,Mc_2,Mc_2,Mock_communities,V4,Mc_2,Mc_2_1,36,Mc_2_1_l05,Mc_2
Mc.2.2.l05,TTGACTAG,5,p,"NG-6531_Til_Lib_3_lib26317_1663_4_1.fastq.bz2,NG-6531_Til_Lib_3_lib26317_1663_4_2.fastq.bz2",Mc_2,Mc_2,Mc_2,Mock_communities,V4,Mc_2,Mc_2_2,37,Mc_2_2_l05,Mc_2
Mc.4.1.l05,TTGATCCA,5,p,"NG-6531_Til_Lib_3_lib26317_1663_4_1.fastq.bz2,NG-6531_Til_Lib_3_lib26317_1663_4_2.fastq.bz2",Mc_4,Mc_4,Mc_4,Mock_communities,V4,Mc_4,Mc_4_1,42,Mc_4_1_l05,Mc_4
Mc.4.2.l05,TTGCATAT,5,p,"NG-6531_Til_Lib_3_lib26317_1663_4_1.fastq.bz2,NG-6531_Til_Lib_3_lib26317_1663_4_2.fastq.bz2",Mc_4,Mc_4,Mc_4,Mock_communities,V4,Mc_4,Mc_4_2,43,Mc_4_2_l05,Mc_4
Mc.2.1.l06,GATGAATG,6,p,"NG-6531_Til_Lib_4_lib26318_1663_4_1.fastq.bz2,NG-6531_Til_Lib_4_lib26318_1663_4_2.fastq.bz2",Mc_2,Mc_2,Mc_2,Mock_communities,V4,Mc_2,Mc_2_1,36,Mc_2_1_l06,Mc_2
Mc.2.2.l06,TTGACTAG,6,p,"NG-6531_Til_Lib_4_lib26318_1663_4_1.fastq.bz2,NG-6531_Til_Lib_4_lib26318_1663_4_2.fastq.bz2",Mc_2,Mc_2,Mc_2,Mock_communities,V4,Mc_2,Mc_2_2,37,Mc_2_2_l06,Mc_2
Mc.4.1.l06,TTGATCCA,6,p,"NG-6531_Til_Lib_4_lib26318_1663_4_1.fastq.bz2,NG-6531_Til_Lib_4_lib26318_1663_4_2.fastq.bz2",Mc_4,Mc_4,Mc_4,Mock_communities,V4,Mc_4,Mc_4_1,42,Mc_4_1_l06,Mc_4
Mc.4.2.l06,TTGCATAT,6,p,"NG-6531_Til_Lib_4_lib26318_1663_4_1.fastq.bz2,NG-6531_Til_Lib_4_lib26318_1663_4_2.fastq.bz2",Mc_4,Mc_4,Mc_4,Mock_communities,V4,Mc_4,Mc_4_2,43,Mc_4_2_l06,Mc_4
Mc.2.1.l07,GATGAATG,7,p,"NG-6531_Til_Lib_5_lib26319_1663_4_1.fastq.bz2,NG-6531_Til_Lib_5_lib26319_1663_4_2.fastq.bz2",Mc_2,Mc_2,Mc_2,Mock_communities,V4,Mc_2,Mc_2_1,36,Mc_2_1_l07,Mc_2
Mc.2.2.l07,TTGACTAG,7,p,"NG-6531_Til_Lib_5_lib26319_1663_4_1.fastq.bz2,NG-6531_Til_Lib_5_lib26319_1663_4_2.fastq.bz2",Mc_2,Mc_2,Mc_2,Mock_communities,V4,Mc_2,Mc_2_2,37,Mc_2_2_l07,Mc_2
Mc.4.1.l07,TTGATCCA,7,p,"NG-6531_Til_Lib_5_lib26319_1663_4_1.fastq.bz2,NG-6531_Til_Lib_5_lib26319_1663_4_2.fastq.bz2",Mc_4,Mc_4,Mc_4,Mock_communities,V4,Mc_4,Mc_4_1,42,Mc_4_1_l07,Mc_4
Mc.4.2.l07,TTGCATAT,7,p,"NG-6531_Til_Lib_5_lib26319_1663_4_1.fastq.bz2,NG-6531_Til_Lib_5_lib26319_1663_4_2.fastq.bz2",Mc_4,Mc_4,Mc_4,Mock_communities,V4,Mc_4,Mc_4_2,43,Mc_4_2_l07,Mc_4
Mc.1.t.l44,AAAAAAAA,44,p,Theoretical,Theoretical,Theoretical_1_V4,Theoretical_1,Mock_communities,V4,Mc_1,Mc_1_t,96,Mc_1_t_l44,Mc_1t
Mc.2.t.l44,CCCCCCCC,44,p,Theoretical,Theoretical,Theoretical_2_V4,Theoretical_2,Mock_communities,V4,Mc_2,Mc_2_t,97,Mc_2_t_l44,Mc_2t
Mc.3.t.l44,GGGGGGGG,44,p,Theoretical,Theoretical,Theoretical_3_V4,Theoretical_3,Mock_communities,V4,Mc_3,Mc_3_t,98,Mc_3_t_l44,Mc_3t
Mc.4.t.l44,TTTTTTTT,44,p,Theoretical,Theoretical,Theoretical_4_V4,Theoretical_4,Mock_communities,V4,Mc_4,Mc_4_t,99,Mc_4_t_l44,Mc_4t
Mc.1.1.l01,CTGCTGAA,1,p,Library_01,Mc_1,Mc_1,Mc_1,Mock_communities,V5-V6,Mc_1,Mc_1_1,33,Mc.1.1.l01,Mc_1
Mc.1.2.l01,CTTGCGAG,1,p,Library_01,Mc_1,Mc_1,Mc_1,Mock_communities,V5-V6,Mc_1,Mc_1_2,34,Mc.1.2.l01,Mc_1
Mc.1.3.l01,CTTGGCCT,1,p,Library_01,Mc_1,Mc_1,Mc_1,Mock_communities,V5-V6,Mc_1,Mc_1_3,35,Mc.1.3.l01,Mc_1
Mc.2.1.l01,GAACCGTT,1,p,Library_01,Mc_2,Mc_2,Mc_2,Mock_communities,V5-V6,Mc_2,Mc_2_1,36,Mc.2.1.l01,Mc_2
Mc.2.2.l01,GAACGTAT,1,p,Library_01,Mc_2,Mc_2,Mc_2,Mock_communities,V5-V6,Mc_2,Mc_2_2,37,Mc.2.2.l01,Mc_2
Mc.2.3.l01,GAACTAAG,1,p,Library_01,Mc_2,Mc_2,Mc_2,Mock_communities,V5-V6,Mc_2,Mc_2_3,38,Mc.2.3.l01,Mc_2
Mc.3.1.l01,GAAGCTCG,1,p,Library_01,Mc_3,Mc_3,Mc_3,Mock_communities,V5-V6,Mc_3,Mc_3_1,39,Mc.3.1.l01,Mc_3
Mc.3.2.l01,GAGTTATA,1,p,Library_01,Mc_3,Mc_3,Mc_3,Mock_communities,V5-V6,Mc_3,Mc_3_1,40,Mc.3.2.l01,Mc_3
Mc.3.3.l01,GATGAATG,1,p,Library_01,Mc_3,Mc_3,Mc_3,Mock_communities,V5-V6,Mc_3,Mc_3_1,41,Mc.3.3.l01,Mc_3
Mc.4.1.l01,GATGATAA,1,p,Library_01,Mc_4,Mc_4,Mc_4,Mock_communities,V5-V6,Mc_4,Mc_3_1,42,Mc.4.1.l01,Mc_4
Mc.4.2.l01,GATGCGCT,1,p,Library_01,Mc_4,Mc_4,Mc_4,Mock_communities,V5-V6,Mc_4,Mc_3_1,43,Mc.4.2.l01,Mc_4
Mc.4.3.l01,GCCAGGTT,1,p,Library_01,Mc_4,Mc_4,Mc_4,Mock_communities,V5-V6,Mc_4,Mc_3_1,44,Mc.4.3.l01,Mc_4
Mc.1.t.l56,AAAAAAAA,56,p,Theoretical,Theoretical,Theoretical_1_v5-v6,Theoretical_1,Mock_communities,V5-V6,Mc_1,Mc_1_t,96,Mc.1.t.l56,Mc_1t
Mc.2.t.l56,CCCCCCCC,56,p,Theoretical,Theoretical,Theoretical_2_v5-v6,Theoretical_2,Mock_communities,V5-V6,Mc_2,Mc_2_t,97,Mc.2.t.l56,Mc_2t
Mc.3.t.l56,GGGGGGGG,56,p,Theoretical,Theoretical,Theoretical_3_v5-v6,Theoretical_3,Mock_communities,V5-V6,Mc_3,Mc_3_t,98,Mc.3.t.l56,Mc_3t
Mc.4.t.l56,TTTTTTTT,56,p,Theoretical,Theoretical,Theoretical_4_v5-v6,Theoretical_4,Mock_communities,V5-V6,Mc_4,Mc_4_t,99,Mc.4.t.l56,Mc_4t
